file,session_id,protocol,anomaly,anomaly_score,packet_count,bytes_sent,bytes_received,retransmission_count,tls_handshake_duration,session_duration_seconds,avg_packet_size
test0.pcapng,PCAP-000001,SMTP,1,0.032119464163618716,37,4759,0,0,0.0445,19.5525906085968,128.6216216216216
test1.pcapng,PCAP-000001,IMAP,1,0.031194861696908105,41,5393,0,0,0.0,11.349743366241455,131.53658536585365
test2.pcapng,PCAP-000001,SMTP,1,0.006110425099347949,38,4632,0,0,0.0969,59.019837617874146,121.89473684210526
test3.pcapng,PCAP-000001,POP3,1,0.04394198846042663,38,4944,0,0,0.0992,11.754854202270508,130.10526315789474
test4.pcapng,PCAP-000001,POP3,1,0.01325106753894012,12,311,1503,0,0.0,5.300276041030884,151.16666666666666
test4.pcapng,PCAP-000002,POP3,-1,-0.02272608236927509,19,1336,1572,6,0.0,25.820512056350708,153.05263157894737
test4.pcapng,PCAP-000003,SMTP,1,0.06995511263767873,34,10395,185,0,0.0,0.04008197784423828,311.1764705882353
test4.pcapng,PCAP-000004,SMTP,1,0.0006590554837532236,2,0,0,0,0.0,0.0006668567657470703,0.0
test4.pcapng,PCAP-000005,SMTP,1,0.0006590554837532236,2,0,0,0,0.0,0.0005981922149658203,0.0
test4.pcapng,PCAP-000006,SMTP,1,0.0006590554837532236,2,0,0,0,0.0,0.0005550384521484375,0.0
test4.pcapng,PCAP-000007,SMTP,1,0.0006590554837532236,2,0,0,0,0.0,0.002424955368041992,0.0
test4.pcapng,PCAP-000008,SMTP,1,0.0006590554837532236,2,0,0,0,0.0,0.002249002456665039,0.0
test4.pcapng,PCAP-000009,SMTP,1,0.0006590554837532236,2,0,0,0,0.0,0.0018601417541503906,0.0
test4.pcapng,PCAP-000010,SMTP,1,0.0006590554837532236,2,0,0,0,0.0,0.005182981491088867,0.0
test4.pcapng,PCAP-000011,SMTP,1,0.0006590554837532236,2,0,0,0,0.0,0.00712895393371582,0.0
test4.pcapng,PCAP-000012,SMTP,1,0.0006590554837532236,2,0,0,0,0.0,0.006700038909912109,0.0
test4.pcapng,PCAP-000013,SMTP,1,0.0006590554837532236,2,0,0,0,0.0,0.0026531219482421875,0.0
test4.pcapng,PCAP-000014,SMTP,1,0.0006590554837532236,2,0,0,0,0.0,0.0024378299713134766,0.0
test4.pcapng,PCAP-000015,SMTP,1,0.0006590554837532236,2,0,0,0,0.0,0.0025708675384521484,0.0
test4.pcapng,PCAP-000016,SMTP,1,0.0006590554837532236,2,0,0,0,0.0,0.0037670135498046875,0.0
test4.pcapng,PCAP-000017,SMTP,1,0.0006590554837532236,2,0,0,0,0.0,0.0034248828887939453,0.0
test4.pcapng,PCAP-000018,SMTP,1,0.0006590554837532236,2,0,0,0,0.0,0.0031599998474121094,0.0
test4.pcapng,PCAP-000019,SMTP,1,0.0006590554837532236,2,0,0,0,0.0,0.003454923629760742,0.0
test4.pcapng,PCAP-000020,SMTP,1,0.0006590554837532236,2,0,0,0,0.0,0.00436091423034668,0.0
test4.pcapng,PCAP-000021,SMTP,1,0.0006590554837532236,2,0,0,0,0.0,0.003564119338989258,0.0
test4.pcapng,PCAP-000022,SMTP,1,0.0006590554837532236,2,0,0,0,0.0,0.0038650035858154297,0.0
test4.pcapng,PCAP-000023,SMTP,1,0.0006590554837532236,2,0,0,0,0.0,0.004116058349609375,0.0
test4.pcapng,PCAP-000024,SMTP,1,0.0006590554837532236,2,0,0,0,0.0,0.0038318634033203125,0.0
test4.pcapng,PCAP-000025,SMTP,1,0.0006590554837532236,2,0,0,0,0.0,0.003969907760620117,0.0
test4.pcapng,PCAP-000026,SMTP,1,0.0006590554837532236,2,0,0,0,0.0,0.0042650699615478516,0.0
test4.pcapng,PCAP-000027,SMTP,1,0.0006590554837532236,2,0,0,0,0.0,0.003796100616455078,0.0
test4.pcapng,PCAP-000028,SMTP,1,0.0006590554837532236,2,0,0,0,0.0,0.0035490989685058594,0.0
test4.pcapng,PCAP-000029,SMTP,1,0.0006590554837532236,2,0,0,0,0.0,0.003134012222290039,0.0
test4.pcapng,PCAP-000030,SMTP,1,0.0006590554837532236,2,0,0,0,0.0,0.00427699089050293,0.0
test4.pcapng,PCAP-000031,SMTP,1,0.0006590554837532236,2,0,0,0,0.0,0.004160165786743164,0.0
test4.pcapng,PCAP-000032,SMTP,1,0.0006590554837532236,2,0,0,0,0.0,0.004282951354980469,0.0
test4.pcapng,PCAP-000033,SMTP,1,0.0006590554837532236,2,0,0,0,0.0,0.003964900970458984,0.0
test4.pcapng,PCAP-000034,SMTP,1,0.0006590554837532236,2,0,0,0,0.0,0.00421905517578125,0.0
test4.pcapng,PCAP-000035,SMTP,1,0.0006590554837532236,2,0,0,0,0.0,0.004400968551635742,0.0
test4.pcapng,PCAP-000036,SMTP,1,0.0006590554837532236,2,0,0,0,0.0,0.00409698486328125,0.0
test4.pcapng,PCAP-000037,SMTP,1,0.0006590554837532236,2,0,0,0,0.0,0.004158973693847656,0.0
test4.pcapng,PCAP-000038,POP3,1,0.0035654992306137223,12,704,157,0,0.0,0.07802414894104004,71.75
test4.pcapng,PCAP-000039,IMAP,1,0.018871773826008964,45,0,2815,1,0.0,30.610331773757935,62.55555555555556
test4.pcapng,PCAP-000040,SMTP,1,0.014867859637283098,33,0,3831,0,0.014,0.2973048686981201,116.0909090909091
test4.pcapng,PCAP-000041,POP3,1,0.015458725213364277,14,171,2988,0,0.0,30.122649908065796,225.64285714285714
test4.pcapng,PCAP-000042,POP3,1,0.015458725213364277,14,171,2988,0,0.0,30.130419969558716,225.64285714285714
test4.pcapng,PCAP-000043,POP3,1,0.04962049144557884,10,171,2988,0,0.0,0.09720396995544434,315.9
test4.pcapng,PCAP-000044,POP3,1,0.01982514559374876,162,108,1895,0,0.0,29.755589962005615,12.364197530864198
test4.pcapng,PCAP-000045,SMTP,1,0.09881559893569225,160,0,78130,0,0.0,19.02958369255066,488.3125
test4.pcapng,PCAP-000046,POP3,1,0.0035654992306137223,16,0,759,0,0.0,0.307100772857666,47.4375
test4.pcapng,PCAP-000047,SMTP,1,0.027086118289132655,50,158,905,0,0.0,13.471646070480347,21.26
test4.pcapng,PCAP-000048,SMTP,1,0.020651246467442208,31,161,417,0,0.0,10.016971111297607,18.64516129032258
test4.pcapng,PCAP-000049,SMTP,1,0.03552647672442849,70,1021,5831,0,0.018,16.815639972686768,97.88571428571429
test4.pcapng,PCAP-000050,SMTP,1,0.03289268107249688,49,914,4793,0,0.0182,13.055604934692383,116.46938775510205
test4.pcapng,PCAP-000051,SMTP,1,0.0041038578465109055,16,0,144,0,0.0,0.49869322776794434,9.0
test4.pcapng,PCAP-000052,SMTP,1,0.013829130652671773,31,0,450,0,0.0,1.1241672039031982,14.516129032258064
test4.pcapng,PCAP-000053,SMTP,1,0.033597640936298245,94,0,1459,0,0.0,12.947115898132324,15.52127659574468
test4.pcapng,PCAP-000054,POP3,-1,-0.06972416234763856,43,0,2173,0,0.0,142.99527502059937,50.53488372093023
test4.pcapng,PCAP-000055,POP3,1,0.06593808169903426,38,10069,0,0,0.0,10.006818056106567,264.9736842105263
test4.pcapng,PCAP-000056,POP3,1,0.08690557809963384,52,16205,0,0,0.0,10.004421949386597,311.63461538461536
test4.pcapng,PCAP-000057,POP3,1,0.07476995543880738,86,27212,0,0,0.0,20.01197600364685,316.4186046511628
test4.pcapng,PCAP-000058,POP3,1,0.07807800751977367,70,21149,0,0,0.0,20.01160192489624,302.12857142857143
test4.pcapng,PCAP-000059,POP3,1,0.08125657192878794,38,11523,0,0,0.0,10.011621952056885,303.2368421052632
test4.pcapng,PCAP-000060,IMAP,-1,-0.024039551632700662,147,36874,0,0,0.0,100.07351088523865,250.843537414966
test4.pcapng,PCAP-000061,POP3,1,0.021403747464211864,26,446,5738,0,0.0007,0.24686980247497559,237.84615384615384
test4.pcapng,PCAP-000062,IMAP,1,0.06486705806897403,10,5344,105,0,0.0,0.001013040542602539,544.9
test4.pcapng,PCAP-000063,IMAP,1,0.06019708741892649,10,66,4223,0,0.0,0.005660057067871094,428.9
test4.pcapng,PCAP-000064,IMAP,1,0.0660095248691413,10,4623,105,0,0.0,0.0008609294891357422,472.8
test4.pcapng,PCAP-000065,IMAP,1,0.041788100565134934,10,84,2896,0,0.0,0.0026121139526367188,298.0
test4.pcapng,PCAP-000066,IMAP,-1,-0.019045157776178434,12,12049,105,0,0.0,0.0026051998138427734,1012.8333333333334
test4.pcapng,PCAP-000067,IMAP,1,0.04957570630755792,10,3168,105,0,0.0,0.0011279582977294922,327.3
test4.pcapng,PCAP-000068,IMAP,1,0.06025576671920424,10,84,4007,0,0.0,0.0021431446075439453,409.1
test4.pcapng,PCAP-000069,IMAP,1,0.06673768892098786,10,5006,105,0,0.0,0.0016181468963623047,511.1
test4.pcapng,PCAP-000070,IMAP,1,0.06500651357010223,10,4069,105,0,0.0,0.00086212158203125,417.4
test4.pcapng,PCAP-000071,POP3,1,0.0035654992306137223,18,0,244,0,0.0,0.19112205505371094,13.555555555555555
test4.pcapng,PCAP-000072,POP3,-1,-0.011294043313452518,34,0,5497,5,0.0,0.9084339141845703,161.6764705882353
test4.pcapng,PCAP-000073,POP3,1,0.0321859660283082,41,0,7027,1,0.0238,2.91369891166687,171.390243902439
test4.pcapng,PCAP-000074,POP3,1,0.06094464840635333,48,0,12036,1,0.0243,0.6637179851531982,250.75
test4.pcapng,PCAP-000075,POP3,1,0.02511133400329868,37,0,6944,1,0.0159,0.3173818588256836,187.67567567567568
test4.pcapng,PCAP-000076,POP3,1,0.069806612434332,44,0,11934,1,0.0159,0.531745195388794,271.22727272727275
test4.pcapng,PCAP-000077,SMTP,1,0.025712988777499945,41,0,6385,0,0.0204,1.3823530673980713,155.73170731707316
test4.pcapng,PCAP-000078,SMTP,-1,-0.04417177620001278,41,0,7068,1,0.8442,1.2148211002349854,172.390243902439
test4.pcapng,PCAP-000079,IMAP,1,0.01811257701965724,44,0,8048,1,0.0,34.323622941970825,182.9090909090909
test4.pcapng,PCAP-000080,IMAP,1,0.012927290808691594,43,0,3635,0,0.0,33.46647787094116,84.53488372093024
test4.pcapng,PCAP-000081,IMAP,1,0.013001825303546488,44,0,8030,3,0.0,25.28019905090332,182.5
test4.pcapng,PCAP-000082,IMAP,1,0.06472773777405805,74,0,18425,1,0.0,24.879523038864136,248.98648648648648
test4.pcapng,PCAP-000083,IMAP,-1,-0.02397275228517859,40,0,7777,2,0.0,77.92431902885437,194.425
test4.pcapng,PCAP-000084,IMAP,1,0.01616629582487994,83,0,18841,1,0.0854,77.5546441078186,227.0
test4.pcapng,PCAP-000085,POP3,1,0.057145465902489756,13,0,4463,1,0.0,0.1109321117401123,343.3076923076923
test4.pcapng,PCAP-000086,POP3,1,0.060913284215448615,14,0,5571,0,0.0,0.011606931686401367,397.92857142857144
test4.pcapng,PCAP-000087,POP3,1,0.050357154653027925,27,0,8116,0,0.0,0.34993910789489746,300.5925925925926
test4.pcapng,PCAP-000088,POP3,1,0.05002436796492654,21,0,6552,0,0.0,0.08234190940856934,312.0
test4.pcapng,PCAP-000089,IMAP,1,0.057990245952191266,16,0,6113,0,0.0,0.032444000244140625,382.0625
test4.pcapng,PCAP-000090,POP3,1,0.06866981965930241,14,0,5571,0,0.0,1.2644329071044922,397.92857142857144
test4.pcapng,PCAP-000091,POP3,1,0.050874297167491755,17,0,5779,0,0.0,0.008732080459594727,339.94117647058823
test4.pcapng,PCAP-000092,POP3,1,0.06207665933955425,20,0,9936,0,0.0,0.017600059509277344,496.8
test4.pcapng,PCAP-000093,POP3,1,0.07570400463634663,20,0,8115,0,0.0,2.6720330715179443,405.75
test4.pcapng,PCAP-000094,POP3,1,0.048400313186610644,20,0,6552,0,0.0,0.015032052993774414,327.6
test4.pcapng,PCAP-000095,IMAP,1,0.05519375284649908,17,0,6113,0,0.0,0.0049550533294677734,359.5882352941176
test4.pcapng,PCAP-000096,POP3,1,0.039360235218704465,33,0,8050,1,0.0,1.0298779010772705,243.93939393939394
test4.pcapng,PCAP-000097,POP3,1,0.048400313186610644,20,0,6552,0,0.0,0.01246190071105957,327.6
test4.pcapng,PCAP-000098,IMAP,1,0.05519375284649908,17,0,6113,0,0.0,0.004709959030151367,359.5882352941176
test4.pcapng,PCAP-000099,POP3,1,0.06401300674381527,13,0,5571,0,0.0,1.0313210487365723,428.53846153846155
test4.pcapng,PCAP-000100,POP3,1,0.05169186703299511,31,0,8473,0,0.0,1.4416909217834473,273.3225806451613
test4.pcapng,PCAP-000101,POP3,1,0.0699081142277973,21,0,9368,1,0.0,0.520205020904541,446.0952380952381
test4.pcapng,PCAP-000102,POP3,1,0.048400313186610644,20,0,6552,0,0.0,0.015291929244995117,327.6
test4.pcapng,PCAP-000103,IMAP,1,0.05519375284649908,17,0,6113,0,0.0,0.0066890716552734375,359.5882352941176
test4.pcapng,PCAP-000104,POP3,1,0.04458560710333331,24,0,7159,0,0.0,0.02283501625061035,298.2916666666667
test4.pcapng,PCAP-000105,POP3,1,0.048400313186610644,20,0,6496,0,0.0,0.016107797622680664,324.8
test4.pcapng,PCAP-000106,IMAP,1,0.05348535493708667,17,0,6057,0,0.0,0.00534510612487793,356.29411764705884
test4.pcapng,PCAP-000107,POP3,1,0.048400313186610644,20,0,6552,0,0.0,0.013438940048217773,327.6
test4.pcapng,PCAP-000108,IMAP,1,0.05519375284649908,17,0,6113,0,0.0,0.004982948303222656,359.5882352941176
